{
  "service": {
    "service": "back",
    "serviceObject": {
      "name": "back"
    },
    "provider": {
      "name": "aws",
      "runtime": "dotnetcore3.1",
      "lambdaHashingVersion": "20201221",
      "stage": "dev",
      "region": "us-west-2",
      "versionFunctions": true,
      "compiledCloudFormationTemplate": {
        "AWSTemplateFormatVersion": "2010-09-09",
        "Description": "The AWS CloudFormation template for this Serverless application",
        "Resources": {
          "ServerlessDeploymentBucket": {
            "Type": "AWS::S3::Bucket",
            "Properties": {
              "BucketEncryption": {
                "ServerSideEncryptionConfiguration": [
                  {
                    "ServerSideEncryptionByDefault": {
                      "SSEAlgorithm": "AES256"
                    }
                  }
                ]
              }
            }
          },
          "ServerlessDeploymentBucketPolicy": {
            "Type": "AWS::S3::BucketPolicy",
            "Properties": {
              "Bucket": {
                "Ref": "ServerlessDeploymentBucket"
              },
              "PolicyDocument": {
                "Statement": [
                  {
                    "Action": "s3:*",
                    "Effect": "Deny",
                    "Principal": "*",
                    "Resource": [
                      {
                        "Fn::Join": [
                          "",
                          [
                            "arn:",
                            {
                              "Ref": "AWS::Partition"
                            },
                            ":s3:::",
                            {
                              "Ref": "ServerlessDeploymentBucket"
                            },
                            "/*"
                          ]
                        ]
                      },
                      {
                        "Fn::Join": [
                          "",
                          [
                            "arn:",
                            {
                              "Ref": "AWS::Partition"
                            },
                            ":s3:::",
                            {
                              "Ref": "ServerlessDeploymentBucket"
                            }
                          ]
                        ]
                      }
                    ],
                    "Condition": {
                      "Bool": {
                        "aws:SecureTransport": false
                      }
                    }
                  }
                ]
              }
            }
          },
          "DynamodbPutTestLogGroup": {
            "Type": "AWS::Logs::LogGroup",
            "Properties": {
              "LogGroupName": "/aws/lambda/back-dev-dynamodbPutTest"
            }
          },
          "DynamodbGetTestLogGroup": {
            "Type": "AWS::Logs::LogGroup",
            "Properties": {
              "LogGroupName": "/aws/lambda/back-dev-dynamodbGetTest"
            }
          },
          "HelloLogGroup": {
            "Type": "AWS::Logs::LogGroup",
            "Properties": {
              "LogGroupName": "/aws/lambda/back-dev-hello"
            }
          },
          "IamRoleLambdaExecution": {
            "Type": "AWS::IAM::Role",
            "Properties": {
              "AssumeRolePolicyDocument": {
                "Version": "2012-10-17",
                "Statement": [
                  {
                    "Effect": "Allow",
                    "Principal": {
                      "Service": [
                        "lambda.amazonaws.com"
                      ]
                    },
                    "Action": [
                      "sts:AssumeRole"
                    ]
                  }
                ]
              },
              "Policies": [
                {
                  "PolicyName": {
                    "Fn::Join": [
                      "-",
                      [
                        "back",
                        "dev",
                        "lambda"
                      ]
                    ]
                  },
                  "PolicyDocument": {
                    "Version": "2012-10-17",
                    "Statement": [
                      {
                        "Effect": "Allow",
                        "Action": [
                          "logs:CreateLogStream",
                          "logs:CreateLogGroup"
                        ],
                        "Resource": [
                          {
                            "Fn::Sub": "arn:${AWS::Partition}:logs:${AWS::Region}:${AWS::AccountId}:log-group:/aws/lambda/back-dev*:*"
                          }
                        ]
                      },
                      {
                        "Effect": "Allow",
                        "Action": [
                          "logs:PutLogEvents"
                        ],
                        "Resource": [
                          {
                            "Fn::Sub": "arn:${AWS::Partition}:logs:${AWS::Region}:${AWS::AccountId}:log-group:/aws/lambda/back-dev*:*:*"
                          }
                        ]
                      }
                    ]
                  }
                }
              ],
              "Path": "/",
              "RoleName": {
                "Fn::Join": [
                  "-",
                  [
                    "back",
                    "dev",
                    {
                      "Ref": "AWS::Region"
                    },
                    "lambdaRole"
                  ]
                ]
              }
            }
          },
          "DynamodbPutTestLambdaFunction": {
            "Type": "AWS::Lambda::Function",
            "Properties": {
              "Code": {
                "S3Bucket": {
                  "Ref": "ServerlessDeploymentBucket"
                },
                "S3Key": "serverless/back/dev/1646165343026-2022-03-01T20:09:03.026Z/bin/Release/netcoreapp3.1/hello.zip"
              },
              "Handler": "CsharpHandlers::AwsDotnetCsharp.HandlerDynamodbTest::PutTest",
              "Runtime": "dotnetcore3.1",
              "FunctionName": "back-dev-dynamodbPutTest",
              "MemorySize": 1024,
              "Timeout": 6,
              "Role": {
                "Fn::GetAtt": [
                  "IamRoleLambdaExecution",
                  "Arn"
                ]
              }
            },
            "DependsOn": [
              "DynamodbPutTestLogGroup"
            ]
          },
          "DynamodbGetTestLambdaFunction": {
            "Type": "AWS::Lambda::Function",
            "Properties": {
              "Code": {
                "S3Bucket": {
                  "Ref": "ServerlessDeploymentBucket"
                },
                "S3Key": "serverless/back/dev/1646165343026-2022-03-01T20:09:03.026Z/bin/Release/netcoreapp3.1/hello.zip"
              },
              "Handler": "CsharpHandlers::AwsDotnetCsharp.HandlerDynamodbTest::GetTest",
              "Runtime": "dotnetcore3.1",
              "FunctionName": "back-dev-dynamodbGetTest",
              "MemorySize": 1024,
              "Timeout": 6,
              "Role": {
                "Fn::GetAtt": [
                  "IamRoleLambdaExecution",
                  "Arn"
                ]
              }
            },
            "DependsOn": [
              "DynamodbGetTestLogGroup"
            ]
          },
          "HelloLambdaFunction": {
            "Type": "AWS::Lambda::Function",
            "Properties": {
              "Code": {
                "S3Bucket": {
                  "Ref": "ServerlessDeploymentBucket"
                },
                "S3Key": "serverless/back/dev/1646165343026-2022-03-01T20:09:03.026Z/bin/Release/netcoreapp3.1/hello.zip"
              },
              "Handler": "CsharpHandlers::AwsDotnetCsharp.Handler::Hello",
              "Runtime": "dotnetcore3.1",
              "FunctionName": "back-dev-hello",
              "MemorySize": 1024,
              "Timeout": 6,
              "Role": {
                "Fn::GetAtt": [
                  "IamRoleLambdaExecution",
                  "Arn"
                ]
              }
            },
            "DependsOn": [
              "HelloLogGroup"
            ]
          },
          "DynamodbPutTestLambdaVersionZnBms6OrRM8fVuT73aXoq8K1BDLbnyDsCcWxi00Pi0": {
            "Type": "AWS::Lambda::Version",
            "DeletionPolicy": "Retain",
            "Properties": {
              "FunctionName": {
                "Ref": "DynamodbPutTestLambdaFunction"
              },
              "CodeSha256": "uYR59P7VK9sz9b19+fO+4cGM19z6QIS+xrhZpov1j2A="
            }
          },
          "DynamodbGetTestLambdaVersionm37i5hvBKLIOO3EV3YIbNexEu5oGnzuEX1x66vev8": {
            "Type": "AWS::Lambda::Version",
            "DeletionPolicy": "Retain",
            "Properties": {
              "FunctionName": {
                "Ref": "DynamodbGetTestLambdaFunction"
              },
              "CodeSha256": "uYR59P7VK9sz9b19+fO+4cGM19z6QIS+xrhZpov1j2A="
            }
          },
          "HelloLambdaVersionLW5lFc6M4Ft8pDeGGA1GJGx9eVj1aB9DFRiMMTYsx3U": {
            "Type": "AWS::Lambda::Version",
            "DeletionPolicy": "Retain",
            "Properties": {
              "FunctionName": {
                "Ref": "HelloLambdaFunction"
              },
              "CodeSha256": "uYR59P7VK9sz9b19+fO+4cGM19z6QIS+xrhZpov1j2A="
            }
          },
          "HttpApi": {
            "Type": "AWS::ApiGatewayV2::Api",
            "Properties": {
              "Name": "dev-back",
              "ProtocolType": "HTTP"
            }
          },
          "HttpApiStage": {
            "Type": "AWS::ApiGatewayV2::Stage",
            "Properties": {
              "ApiId": {
                "Ref": "HttpApi"
              },
              "StageName": "$default",
              "AutoDeploy": true,
              "DefaultRouteSettings": {
                "DetailedMetricsEnabled": false
              }
            }
          },
          "DynamodbPutTestLambdaPermissionHttpApi": {
            "Type": "AWS::Lambda::Permission",
            "Properties": {
              "FunctionName": {
                "Fn::GetAtt": [
                  "DynamodbPutTestLambdaFunction",
                  "Arn"
                ]
              },
              "Action": "lambda:InvokeFunction",
              "Principal": "apigateway.amazonaws.com",
              "SourceArn": {
                "Fn::Join": [
                  "",
                  [
                    "arn:",
                    {
                      "Ref": "AWS::Partition"
                    },
                    ":execute-api:",
                    {
                      "Ref": "AWS::Region"
                    },
                    ":",
                    {
                      "Ref": "AWS::AccountId"
                    },
                    ":",
                    {
                      "Ref": "HttpApi"
                    },
                    "/*"
                  ]
                ]
              }
            }
          },
          "HttpApiIntegrationDynamodbPutTest": {
            "Type": "AWS::ApiGatewayV2::Integration",
            "Properties": {
              "ApiId": {
                "Ref": "HttpApi"
              },
              "IntegrationType": "AWS_PROXY",
              "IntegrationUri": {
                "$ref": "$[\"service\"][\"provider\"][\"compiledCloudFormationTemplate\"][\"Resources\"][\"DynamodbPutTestLambdaPermissionHttpApi\"][\"Properties\"][\"FunctionName\"]"
              },
              "PayloadFormatVersion": "2.0",
              "TimeoutInMillis": 6500
            }
          },
          "HttpApiRoutePutDynamodbPuttest": {
            "Type": "AWS::ApiGatewayV2::Route",
            "Properties": {
              "ApiId": {
                "Ref": "HttpApi"
              },
              "RouteKey": "PUT /dynamodb/putTest",
              "Target": {
                "Fn::Join": [
                  "/",
                  [
                    "integrations",
                    {
                      "Ref": "HttpApiIntegrationDynamodbPutTest"
                    }
                  ]
                ]
              }
            },
            "DependsOn": "HttpApiIntegrationDynamodbPutTest"
          },
          "DynamodbGetTestLambdaPermissionHttpApi": {
            "Type": "AWS::Lambda::Permission",
            "Properties": {
              "FunctionName": {
                "Fn::GetAtt": [
                  "DynamodbGetTestLambdaFunction",
                  "Arn"
                ]
              },
              "Action": "lambda:InvokeFunction",
              "Principal": "apigateway.amazonaws.com",
              "SourceArn": {
                "Fn::Join": [
                  "",
                  [
                    "arn:",
                    {
                      "Ref": "AWS::Partition"
                    },
                    ":execute-api:",
                    {
                      "Ref": "AWS::Region"
                    },
                    ":",
                    {
                      "Ref": "AWS::AccountId"
                    },
                    ":",
                    {
                      "Ref": "HttpApi"
                    },
                    "/*"
                  ]
                ]
              }
            }
          },
          "HttpApiIntegrationDynamodbGetTest": {
            "Type": "AWS::ApiGatewayV2::Integration",
            "Properties": {
              "ApiId": {
                "Ref": "HttpApi"
              },
              "IntegrationType": "AWS_PROXY",
              "IntegrationUri": {
                "$ref": "$[\"service\"][\"provider\"][\"compiledCloudFormationTemplate\"][\"Resources\"][\"DynamodbGetTestLambdaPermissionHttpApi\"][\"Properties\"][\"FunctionName\"]"
              },
              "PayloadFormatVersion": "2.0",
              "TimeoutInMillis": 6500
            }
          },
          "HttpApiRouteGetDynamodbGettest": {
            "Type": "AWS::ApiGatewayV2::Route",
            "Properties": {
              "ApiId": {
                "Ref": "HttpApi"
              },
              "RouteKey": "GET /dynamodb/getTest",
              "Target": {
                "Fn::Join": [
                  "/",
                  [
                    "integrations",
                    {
                      "Ref": "HttpApiIntegrationDynamodbGetTest"
                    }
                  ]
                ]
              }
            },
            "DependsOn": "HttpApiIntegrationDynamodbGetTest"
          },
          "HelloLambdaPermissionHttpApi": {
            "Type": "AWS::Lambda::Permission",
            "Properties": {
              "FunctionName": {
                "Fn::GetAtt": [
                  "HelloLambdaFunction",
                  "Arn"
                ]
              },
              "Action": "lambda:InvokeFunction",
              "Principal": "apigateway.amazonaws.com",
              "SourceArn": {
                "Fn::Join": [
                  "",
                  [
                    "arn:",
                    {
                      "Ref": "AWS::Partition"
                    },
                    ":execute-api:",
                    {
                      "Ref": "AWS::Region"
                    },
                    ":",
                    {
                      "Ref": "AWS::AccountId"
                    },
                    ":",
                    {
                      "Ref": "HttpApi"
                    },
                    "/*"
                  ]
                ]
              }
            }
          },
          "HttpApiIntegrationHello": {
            "Type": "AWS::ApiGatewayV2::Integration",
            "Properties": {
              "ApiId": {
                "Ref": "HttpApi"
              },
              "IntegrationType": "AWS_PROXY",
              "IntegrationUri": {
                "$ref": "$[\"service\"][\"provider\"][\"compiledCloudFormationTemplate\"][\"Resources\"][\"HelloLambdaPermissionHttpApi\"][\"Properties\"][\"FunctionName\"]"
              },
              "PayloadFormatVersion": "2.0",
              "TimeoutInMillis": 6500
            }
          },
          "HttpApiRouteGetUsersCreate": {
            "Type": "AWS::ApiGatewayV2::Route",
            "Properties": {
              "ApiId": {
                "Ref": "HttpApi"
              },
              "RouteKey": "GET /users/create",
              "Target": {
                "Fn::Join": [
                  "/",
                  [
                    "integrations",
                    {
                      "Ref": "HttpApiIntegrationHello"
                    }
                  ]
                ]
              }
            },
            "DependsOn": "HttpApiIntegrationHello"
          }
        },
        "Outputs": {
          "ServerlessDeploymentBucketName": {
            "Value": {
              "Ref": "ServerlessDeploymentBucket"
            },
            "Export": {
              "Name": "sls-back-dev-ServerlessDeploymentBucketName"
            }
          },
          "DynamodbPutTestLambdaFunctionQualifiedArn": {
            "Description": "Current Lambda function version",
            "Value": {
              "Ref": "DynamodbPutTestLambdaVersionZnBms6OrRM8fVuT73aXoq8K1BDLbnyDsCcWxi00Pi0"
            },
            "Export": {
              "Name": "sls-back-dev-DynamodbPutTestLambdaFunctionQualifiedArn"
            }
          },
          "DynamodbGetTestLambdaFunctionQualifiedArn": {
            "Description": "Current Lambda function version",
            "Value": {
              "Ref": "DynamodbGetTestLambdaVersionm37i5hvBKLIOO3EV3YIbNexEu5oGnzuEX1x66vev8"
            },
            "Export": {
              "Name": "sls-back-dev-DynamodbGetTestLambdaFunctionQualifiedArn"
            }
          },
          "HelloLambdaFunctionQualifiedArn": {
            "Description": "Current Lambda function version",
            "Value": {
              "Ref": "HelloLambdaVersionLW5lFc6M4Ft8pDeGGA1GJGx9eVj1aB9DFRiMMTYsx3U"
            },
            "Export": {
              "Name": "sls-back-dev-HelloLambdaFunctionQualifiedArn"
            }
          },
          "HttpApiId": {
            "Description": "Id of the HTTP API",
            "Value": {
              "Ref": "HttpApi"
            },
            "Export": {
              "Name": "sls-back-dev-HttpApiId"
            }
          },
          "HttpApiUrl": {
            "Description": "URL of the HTTP API",
            "Value": {
              "Fn::Join": [
                "",
                [
                  "https://",
                  {
                    "Ref": "HttpApi"
                  },
                  ".execute-api.",
                  {
                    "Ref": "AWS::Region"
                  },
                  ".",
                  {
                    "Ref": "AWS::URLSuffix"
                  }
                ]
              ]
            },
            "Export": {
              "Name": "sls-back-dev-HttpApiUrl"
            }
          }
        }
      },
      "coreCloudFormationTemplate": {
        "AWSTemplateFormatVersion": "2010-09-09",
        "Description": "The AWS CloudFormation template for this Serverless application",
        "Resources": {
          "ServerlessDeploymentBucket": {
            "Type": "AWS::S3::Bucket",
            "Properties": {
              "BucketEncryption": {
                "ServerSideEncryptionConfiguration": [
                  {
                    "ServerSideEncryptionByDefault": {
                      "SSEAlgorithm": "AES256"
                    }
                  }
                ]
              }
            }
          },
          "ServerlessDeploymentBucketPolicy": {
            "Type": "AWS::S3::BucketPolicy",
            "Properties": {
              "Bucket": {
                "Ref": "ServerlessDeploymentBucket"
              },
              "PolicyDocument": {
                "Statement": [
                  {
                    "Action": "s3:*",
                    "Effect": "Deny",
                    "Principal": "*",
                    "Resource": [
                      {
                        "Fn::Join": [
                          "",
                          [
                            "arn:",
                            {
                              "Ref": "AWS::Partition"
                            },
                            ":s3:::",
                            {
                              "Ref": "ServerlessDeploymentBucket"
                            },
                            "/*"
                          ]
                        ]
                      },
                      {
                        "Fn::Join": [
                          "",
                          [
                            "arn:",
                            {
                              "Ref": "AWS::Partition"
                            },
                            ":s3:::",
                            {
                              "Ref": "ServerlessDeploymentBucket"
                            }
                          ]
                        ]
                      }
                    ],
                    "Condition": {
                      "Bool": {
                        "aws:SecureTransport": false
                      }
                    }
                  }
                ]
              }
            }
          }
        },
        "Outputs": {
          "ServerlessDeploymentBucketName": {
            "Value": {
              "Ref": "ServerlessDeploymentBucket"
            }
          }
        }
      },
      "vpc": {}
    },
    "pluginsData": {},
    "functions": {
      "dynamodbPutTest": {
        "handler": "CsharpHandlers::AwsDotnetCsharp.HandlerDynamodbTest::PutTest",
        "package": {
          "artifact": "bin/Release/netcoreapp3.1/hello.zip"
        },
        "events": [
          {
            "httpApi": {
              "path": "/dynamodb/putTest",
              "method": "put"
            },
            "resolvedMethod": "PUT",
            "resolvedPath": "/dynamodb/putTest"
          }
        ],
        "name": "back-dev-dynamodbPutTest",
        "memory": 1024,
        "timeout": 6,
        "runtime": "dotnetcore3.1",
        "vpc": {},
        "versionLogicalId": "DynamodbPutTestLambdaVersionZnBms6OrRM8fVuT73aXoq8K1BDLbnyDsCcWxi00Pi0"
      },
      "dynamodbGetTest": {
        "handler": "CsharpHandlers::AwsDotnetCsharp.HandlerDynamodbTest::GetTest",
        "package": {
          "artifact": "bin/Release/netcoreapp3.1/hello.zip"
        },
        "events": [
          {
            "httpApi": {
              "path": "/dynamodb/getTest",
              "method": "get"
            },
            "resolvedMethod": "GET",
            "resolvedPath": "/dynamodb/getTest"
          }
        ],
        "name": "back-dev-dynamodbGetTest",
        "memory": 1024,
        "timeout": 6,
        "runtime": "dotnetcore3.1",
        "vpc": {},
        "versionLogicalId": "DynamodbGetTestLambdaVersionm37i5hvBKLIOO3EV3YIbNexEu5oGnzuEX1x66vev8"
      },
      "hello": {
        "handler": "CsharpHandlers::AwsDotnetCsharp.Handler::Hello",
        "package": {
          "artifact": "bin/Release/netcoreapp3.1/hello.zip"
        },
        "events": [
          {
            "httpApi": {
              "path": "/users/create",
              "method": "get"
            },
            "resolvedMethod": "GET",
            "resolvedPath": "/users/create"
          }
        ],
        "name": "back-dev-hello",
        "memory": 1024,
        "timeout": 6,
        "runtime": "dotnetcore3.1",
        "vpc": {},
        "versionLogicalId": "HelloLambdaVersionLW5lFc6M4Ft8pDeGGA1GJGx9eVj1aB9DFRiMMTYsx3U"
      }
    },
    "configValidationMode": "warn",
    "serviceFilename": "serverless.yml",
    "initialServerlessConfig": {
      "service": {
        "$ref": "$[\"service\"][\"serviceObject\"]"
      },
      "app": "restaurant-automation",
      "frameworkVersion": "2",
      "provider": {
        "$ref": "$[\"service\"][\"provider\"]"
      },
      "package": {
        "individually": true,
        "artifactDirectoryName": "serverless/back/dev/1646165343026-2022-03-01T20:09:03.026Z"
      },
      "functions": {
        "$ref": "$[\"service\"][\"functions\"]"
      }
    },
    "app": "restaurant-automation",
    "layers": {},
    "isDashboardMonitoringPreconfigured": false
  },
  "package": {
    "individually": true,
    "artifactDirectoryName": "serverless/back/dev/1646165343026-2022-03-01T20:09:03.026Z",
    "artifact": ""
  }
}